This Sheet will be updated on a Daily Basis,,,,,,,
Product Name ,Store Name ,Deal Price ,Regular Price,coupon code ,link ,Start Time ,End Time
Walmart Black Friday Deals are Live Now for Walmart Plus Members,,,,,https://dealsmocktail.com/saleDetail/243-walmart-early-black-friday-deals-are-live-now,,
Walmart+ Membership (50% Off),,49,98,,https://dealsmocktail.com/12562-walmart-member-get-50-off,,
"If you don‚Äôt have Amazon prime subscription, grab a free trail now. ",,,,,,,
6 month free trail for Ages 18-24 (Amazon Prime),,,,,https://dealsmocktail.com/2208-students-get-6-months-free-amazon-prime-membership-all-18-24-old-are-welcome-to-apply,,
1 month free trail for everyone (Amazon Prime),,,,,https://dealsmocktail.com/2208-students-get-6-months-free-amazon-prime-membership-all-18-24-old-are-welcome-to-apply,,
üö®NEW COSTCO MEMBERSHIP DEAL!  $25 MEMBERSHIP AFTER OFFERS! ,,25,65,,https://dealsmocktail.com/8588-one-year-costco-membership-with-40-or-60-digital-costco-shop-card,,
,,,,,,,
Beats,,,,,,,
Beats Solo Buds Bluetooth Earbuds- Ivory,,39,69,,https://dealsmocktail.com/12579-beats-solo-buds-bluetooth-earbuds-ivory,,
Apple,Amazon,,,,,,
Apple AirTag ,,18,29,,https://dealsmocktail.com/12613-apple-airtag,,
Apple AirTag 4 Pack,Amazon,64.99,99.99,,https://dealsmocktail.com/12398-apple-airtag-4-pack,,
Apple AirPods 4 Wireless Earbuds,Amazon,84.99,130,,https://dealsmocktail.com/8136-apple-airpods-4-wireless-earbuds,,
"Apple AirPods Pro 2, Wireless Earbuds, Active Noise Cancellation",,139,239,,https://dealsmocktail.com/3295-apple-airpods-pro-2-wireless-earbuds-active-noise-cancellation,,
Apple Watch SE (2nd Gen) [GPS 40mm] Smartwatch,Amazon,159.99,249,,https://www.dealsmocktail.com/blog/g3humozg9dm9hqiottj8j7i0/apple-watches-deals---live-on-amazon-ends-today,11/20/2025,12/1/2025
Apple Watch SE (2nd Gen) [GPS 44mm] Smartwatch,Amazon,189.99,279,,,11/20/2025,12/1/2025
Apple Watch SE (2nd Gen) [GPS + Cellular 44mm] Smartwatch,Amazon,190,329,,,11/20/2025,12/1/2025
Apple Watch SE (2nd Gen) [GPS + Cellular 44mm] Smartwatch with Starlight Sport Band,Amazon,239.99,329,,,11/20/2025,12/1/2025
Apple Watch SE 3 [GPS 44mm] Smartwatch,Amazon,229.99,279,,,11/20/2025,12/1/2025
Apple Watch Series 10 [GPS 42mm case] Smartwatch with Sport Band,Amazon,249.99,399,,,11/20/2025,12/1/2025
Apple Watch Series 10 [GPS 46mm case] Smartwatch,Amazon,279,429,,,11/20/2025,12/1/2025
"Apple 2025 MacBook Air 13"" (M4) ‚Äì 16GB RAM, 256GB SSD
",,749,999,,https://dealsmocktail.com/5491-apple-2025-macbook-air-13-inch-laptop,,
Apple Watch SE 3 [GPS 40mm] Smartwatch ,,199,249,,https://dealsmocktail.com/12639-apple-watch-se-3-gps-40mm-smartwatch,,
Apple  Series 11 [GPS 42mm] Smartwatch,,349,399,,https://dealsmocktail.com/12687-apple-watch-series-11-gps-42mm-smartwatch,,
Apple Watch Ultra 2 [GPS + Cellular 49mm] Smartwatch,Amazon,599,799,,https://amzn.to/4nO1JpU,11/20/2025,12/1/2025
,Amazon,,,,,,
,Amazon,,,,,,
,Amazon,,,,,,
,,,,,,,
JBL,,,,,,,
JBL Tune 520BT - Wireless On-Ear Headphones,,29.99,59.99,,https://dealsmocktail.com/616-jbl-tune-520bt-wireless-on-ear-headphones,11/11/2025,12/06/2025
JBL Tune 720BT - Wireless Over-Ear Headphones ,,44.99,89.99,,https://dealsmocktail.com/12510-jbl-tune-720bt-wireless-over-ear-headphones,11/09/2025,12/06/2025
JBL Tune 670NC - Adaptive Noise Cancelling with Smart Ambient Wireless On-Ear Headphones,,54.95,109.95,,https://dealsmocktail.com/12668-jbl-tune-670nc-adaptive-noise-cancelling-with-smart-ambient-wireless-on-ear-headphones,,
"JBL PartyBox Wireless Mic Set ‚Äì 2 Digital Mics, 20-hr Battery, 2.4GHz Connection (Black)",,99.95,149.99,,https://dealsmocktail.com/12638-jbl-partybox-wireless-mic-set-2-digital-mics-20-hr-battery-24ghz-connection-black,,
JBL Tune Flex - True Wireless Noise Cancelling Earbuds (Black),,39.95,99.95,,https://dealsmocktail.com/7413-jbl-tune-flex-true-wireless-noise-cancelling-earbuds,,
JBL Tune Buds - True wireless Noise Cancelling earbuds,,39.95,100,,https://dealsmocktail.com/12642-jbl-tune-buds-true-wireless-noise-cancelling-earbuds,,
JBL - Tune Flex 2 True Wireless Noise Cancelling Earbuds,,49.95,109.95,,https://dealsmocktail.com/12669-jbl-tune-flex-2-true-wireless-noise-cancelling-earbuds,,
,,,,,,,
Sony,,,,,,,
Sony WH-CH720N Wireless Noise Canceling Headphone,,99.99,179.99,,https://www.dealsmocktail.com/blog/j6ah0oxsm24068osmekkjte5/sony-black-friday-deals-on-headphones,,
Sony ULT POWER SOUND‚Ñ¢ series | ULT WEAR Wireless Noise Canceling Headphones,,179.99,249.99,,,,
Sony WH-1000XM4 Premium Wireless Noise Canceling Headphones,,199.99,349.99,,,,
Sony WH-1000XM5 Premium Wireless Noise Canceling Headphones,,299.99,400,,,,
,,,,,,,
Bose,,,,,,,
Bose QuietComfort Ultra Bluetooth Headphones,,299,429,,https://dealsmocktail.com/4731-bose-quietcomfort-ultra-bluetooth-headphones,11/10/2025,12/10/2025
Bose Smart Dolby Atmos Soundbar,,399,499,,https://dealsmocktail.com/12569-bose-smart-dolby-atmos-soundbar,11/10/2025,12/10/2025
Bose QuietComfort Earbuds with Active Noise Cancellation and Mic,,129,179,,https://dealsmocktail.com/12610-bose-quietcomfort-earbuds,,
Bose New QuietComfort Ultra Earbuds (2nd Gen) - Wireless Noise Cancelling Earbuds with Mic,,169,299,,https://dealsmocktail.com/12611-bose-new-quietcomfort-ultra-earbuds-2nd-gen-wireless-noise-cancelling-earbuds-with-mic,,
Bose SoundLink Plus Portable Bluetooth Speaker,,199,269,,https://dealsmocktail.com/12635-bose-soundlink-plus-portable-bluetooth-speaker,,
Bose SoundLink Revolve+ (Series II) Bluetooth Speaker,,179,299,,https://dealsmocktail.com/12640-bose-soundlink-revolve-series-ii-bluetooth-speaker,,
,,,,,,,
Bluetooth Speaker Deals,,,,,,,
Altec Lansing Hydra Jolt 2.0 Everything Proof Bluetooth Speaker,,24,70,,https://dealsmocktail.com/12578-altec-lansing-hydra-jolt-20-everything-proof-bluetooth-speaker,,
"Insignia‚Ñ¢ - 2.0 Channel Soundbar 32"", Bluetooth ",,34.99,59.99,,https://dealsmocktail.com/12666-insigniatm-20-channel-soundbar-32-bluetooth,,
Bose SoundLink Plus Portable Bluetooth Speaker,,199,269,,https://dealsmocktail.com/12635-bose-soundlink-plus-portable-bluetooth-speaker,,
Bose SoundLink Revolve+ (Series II) Bluetooth Speaker,,179,299,,https://dealsmocktail.com/12640-bose-soundlink-revolve-series-ii-bluetooth-speaker,,
VIZIO All-in-One 2.1 Soundbar SE With Dolby Atmos,,78,128,,https://dealsmocktail.com/12632-vizio-all-in-one-21-soundbar-se-with-dolby-atmos-dtsx-bluetooth-sv210y-0808,,
Samsung  HW-B650/ZA 3.1 Channel Soundbar with Wireless Subwoofer,,199.99,399.99,,https://dealsmocktail.com/12664-samsung-hw-b650za-31-channel-soundbar-with-wireless-subwoofer,,
"LG - 5.1.1-Channel S70TR Home Theater Soundbar with Wireless Subwoofer and Rear Speakers, Dolby Atmos",,349.99,499.99,,https://dealsmocktail.com/12665-lg-511-channel-s70tr-home-theater-soundbar-with-wireless-subwoofer-and-rear-speakers,,
,,,,,,,
Camera Deals/  Vlogging Camera Deals,,,,,,,
Canon - EOS R50 4K Video Mirrorless Camera with RF-S18-45mm f/4.5-6.3 IS STM Lens,,819.99,899.99,,https://www.dealsmocktail.com/blog/v3jpw8rzovxe7to9jmg8gmdx/camera-deals,,
Sony - Alpha 6100 APS-C Mirrorless Camera 4K Video Camera with E PZ 16-50mm Lens ,,799.99,949.99,,,,
Sony - ZV-1 20.1-Megapixel Digital Camera for Content Creators and Vloggers,,799.99,899.99,,,,
Sony - Alpha 6400 APS-C Mirrorless Camera 4K Video Camera with E PZ 16-50mm Lens,,999.99,1199.99,,,,
Nikon - Z 8 8K Video Mirrorless Camera (Body Only),,3499.95,4299.99,,,,
Canon EOS R10 bundle (18-45mm + 420-800mm + 32 GB card + backpack + tripod),,1062.19,1129.99,,,,
DJI Osmo Pocket 3 Creator Combo,,664,979,,https://dealsmocktail.com/12681-dji-osmo-pocket-3-creator-combo,,
"DJI Osmo Pocket 3, Vlogging Camera",,525,799,,https://dealsmocktail.com/12682-dji-osmo-pocket-3-vlogging-camera,,
"DJI RS 3 Mini, 3-Axis Gimbal Stabilizer for Cameras",,189,237,,,,
,,,,,,,
Camera Lens Deals,,,,,,,
Tamron - 17-70mm F/2.8 Di III-A VC RXD Standard Zoom Lens for Sony E-Mount,,599.99,699.99,,https://go.magik.ly/ml/3b8q2/,,
Tamron - 28-75mm F/2.8 Di III VXD G2 Standard Zoom Lens for Sony E-Mount,,699.99,899.99,,https://go.magik.ly/ml/3b8q9/,,
Canon RF16-28mm F2.8 is STM,,1049,1249,,`4,,
Sony - E 70-350mm F4.5-6.3 G OSS Telephoto Zoom Lens for E-mount Cameras,,1099.99,1199.99,,https://go.magik.ly/ml/3b8qd/,,
Canon RF24mm F1.4 L VCM,,1449,1649,,https://amzn.to/44aRbu7,,
Canon - RF70-200mm F4 L IS USM Telephoto Zoom Lens for EOS R-Series Cameras ,,1549,1700,,https://go.magik.ly/ml/3b8qh/,,
,,,,,,,
,,,,,,,
Dyson (Home Floor Care),,,,,,,
Dyson V9 Motorbar,Amazon,269.99,599.99,,https://www.dealsmocktail.com/blog/p7sodvytvd2iov73rqxoqqj4/dyson-home-floor-care---amazon-deals,10/31/2025,11/30/2025
Dyson V11 Origin Cordless Vacuum,Amazon,399.99,629.99,,,11/9/2025,12/20/2025
Dyson Ball Animal Total Clean Upright Vacuum,Amazon,479.99,659.99,.,,11/9/2025,12/6/2025
Dyson V8 Plus Cordless Vacuum,Amazon,299.99,539.99,,,11/20/2025,12/6/2025
Dyson Ball Animal 3 Extra Upright Vacuum,Amazon,449.99,549.99,,,11/30/2025,12/20/2025
Dyson V15 Detect Cordless Vacuum Cleaner,Amazon,599.99,849.99,,,11/23/2025,12/13/2025
Dyson V15s Detect Submarine‚Äã Wet Dry Vacuum,Amazon,749.99,1049.99,,,11/23/2025,12/20/2025
Dyson Gen5detect Cordless Vacuum,Amazon,799.99,1049.99,,,11/23/2025,12/20/2025
Dyson Gen5outsize Cordless Vacuum,Amazon,899.99,1149.99,,,11/23/2025,12/20/2025
Dyson V12 Detect Slim Cordless Vacuum Cleaner ,,399.99,729.99,,,,
Dyson 360 Vis Nav‚Ñ¢ Robot Vacuum,,399,999,,https://dealsmocktail.com/12680-dyson-360-vis-navtm-robot-vacuum,,
,,,,,,,
Shark (Floor Care),,,,,,,
Shark Cyclone PET Handheld Vacuum,,54.99,79.99,,https://www.dealsmocktail.com/blog/hlahbthiwx36jh300q6yn4w2/shark-home-floor-care---amazon-deals,11/9/2025,11/22/2025
Shark VACMOP Cordless Hard Floor Cleaner,,59.99,99.99,,,11/9/2025,11/22/2025
"Shark Rocket Ultra-Light Corded Bagless Vacuum,  (HV301)",,99.99,199.99,,,11/12/2023,
"Shark HV371 Rocket Pro DLX Corded Stick, Removable Hand Vacuum",,119.99,199.99,,,11/9/2025,12/6/2025
Shark WV201BLBRN WANDVAC Cordless Hand Vac,,79.99,129.99,,https://amzn.to/47Nl44K,11/23/2025,12/20/2025
"Shark Upright Vacuum, Navigator Lift-Away Deluxe with Large Dust Cup Capacity",,119.99,219.99,,https://amzn.to/47AGNOC,11/23/2025,12/6/2025
Shark AV753 ION Robot Vacuum,,129.99,249.99,,https://amzn.to/47KpCsx,11/20/2025,12/1/2025
Shark NV501 Rotator Professional Lift-Away Upright Vacuum with HEPA Filter,,149.99,329.99,,https://amzn.to/3WM60iT,11/23/2025,12/6/2025
"Shark Upright Vacuum, Navigator Lift-Away with Self-Cleaning Brushroll",,149.99,299.99,,https://amzn.to/3XmtECF,11/20/2025,12/1/2025
"Shark Cordless Vacuum Cleaner,  IZ362H",,179.99,349.99,,https://amzn.to/4oFHvAe,11/20/2025,12/1/2025
"Shark Upright Vacuum, AZ3002",,279.99,529.99,,https://amzn.to/4885HFi,11/16/2025,12/6/2025
Shark AI Ultra Voice Control Robot Vacuum with Matrix Clean Navigation,,249.99,599,,https://amzn.to/3Xmuj77,11/20/2025,12/1/2025
Shark Matrix 2-in-1 Robot Vacuum,,194,378,,https://dealsmocktail.com/12583-shark-matrix-2-in-1-robot-vacuum,,
,,,,,,,
Ecovacs (Floor care),,,,,,,
"ECOVACS DEEBOT T30S PRO Robot Vacuum and Mop, 11000Pa",,399.99,1099.99,,https://amzn.to/43jhZrS,11/20/2025,12/1/2025
"ECOVACS DEEBOT N30 Omni Care Robot Vacuum and Mop, 10000Pa Suction",,399.99,699.99,,https://amzn.to/4oWmf90,11/10/2025,12/1/2025
"ECOVACS DEEBOT T50 PRO Omni Robot Vacuum and Mop, 15,000Pa",,399.99,699.99,,https://www.dealsmocktail.com/blog/kqfgh8e0np3t6jaxpzfw7lmb/ecovacs-robot-vacuum-and-mop-deals,11/10/2025,12/1/2025
"ECOVACS DEEBOT X9 PRO Omni Robot Vacuum and Mop,16,600Pa",,699.99,1299.99,,,11/10/2025,12/1/2025
"ECOVACS DEEBOT X8 PRO OMNI Robot Vacuum and Mop, 18000Pa",,699.99,1099.99,,,11/10/2025,12/1/2025
,,,,,,,
Best Floor care Deals,,,,,,,
"Hoover PowerScrub XL, Upright Carpet Cleaner Machine, FH68010",,98,249.99,,https://dealsmocktail.com/12594-hoover-powerscrub-xl-upright-carpet-cleaner-machine,,
Dyson V12 Detect Slim Cordless Vacuum Cleaner,,399.99,729.99,,https://dealsmocktail.com/497-dyson-v12-detect-slim-cordless-vacuum-cleaner,,
"BISSELL PowerClean 200W Self-Standing Cordless Stick Vacuum, Model 4172",,78.88,148,,https://dealsmocktail.com/12595-bissell-powerclean-200w-self-standing-cordless-stick-vacuum,,
Tineco LiteVak Cordless Stick Vacuum,,99.99,299.99,,https://dealsmocktail.com/12629-tineco-litevak-cordless-stick-vacuum,,
"Tineco GO Cordless Floor Washer, Multi-Surface Wet Dry Vacuum / Mop (GH201)",,189.99,349.99,,https://dealsmocktail.com/7497-tineco-go-h2o-cordless-floor-washer-mutli-surface-wet-dry-vacuum-mop-gh201,,
Dyson 360 Vis Nav‚Ñ¢ Robot Vacuum,,399,999,,https://dealsmocktail.com/12680-dyson-360-vis-navtm-robot-vacuum,,
,,,,,,,
Best Hair Care Deals,,,,,,,
Dyson (Hair care),,,,,,,
Dyson Supersonic Nural‚Ñ¢ hair dryer,,349.99,549.99,,https://mavely.app.link/e/I7GHurnDcYb,,
Dyson Supersonic Nural‚Ñ¢ Hair Dryer (Amber Silk),,449.99,549.99,,https://amzn.to/4hPPcRy,11/23/2025,12/20/2025
Dyson Airstrait‚Ñ¢ Straightener,,449.99,549.99,,https://amzn.to/4nOS2ry,11/23/2025,12/20/2025
Dyson Airwrap i.d.‚Ñ¢ Multi-Styler and Dryer,,549.99,649.99,,https://amzn.to/3JQRFi1,11/23/2025,12/20/2025
Shark (Haircare),,,,,,,
Shark FlexStyle¬Æ (Special Edition) | Air Styling & Drying System,,199,329,,https://www.dealsmocktail.com/blog/ieibw0rohh0c463m376aoje2/shark-hair-styling-deals,11/10/2025,
Shark FlexFusion Hair Straightener & Powerful Hair Dryer with Fusion Hair Brush,,299.99,429.99,,,,
"Shark Hair Dryer | SpeedStyle | No Heat Damage Hair Styling Tool, HD331",,149,229.99,,https://dealsmocktail.com/12634-shark-hair-dryer-speedstyle-no-heat-damage-hair-styling-tool,11/16/2025,12/6/2025
Shark HD430 FlexStyle Air Styling & Drying System,,199,349.99,,https://amzn.to/3LVfHJi,11/23/2025,12/6/2025
"Shark Hair Dryer | FlexStyle Hair Styling System, HD440BK",,229.99,369.99,,https://amzn.to/4ozbLfT,11/20/2025,12/1/2025
"Shark FlexStyle Air Styling & Drying System, HD457CR",,249.99,399.99,,https://amzn.to/4hPSog2,11/20/2025,12/1/2025
,,,,,,,
,,,,,,,
Smart Home (Security Cameras & Systems),,,,,,,
Blink Mini 2 ‚Äî Home Security & Pet Camera with HD video,,17.99,39.99,,https://dealsmocktail.com/saleDetail/242-blink-early-black-friday-deals,,
Blink Video Doorbell (newest model) ‚Äì Head-to-toe HD view,,29.99,69.99,,,,
"Blink Outdoor 4 ‚Äì Wireless HD Security Camera with 2-Year Battery, Night Vision & Two-Way Talk (1-Cam System, Sync Module Core Included)",,27.99,79.99,,,,
Blink Video Doorbell + Outdoor 4 ‚Äì Wireless HD Security System with 2-Year Battery & Sync Module Core (1-Cam + Doorbell),,37.99,139.98,,,,
"Blink Video Doorbell + Outdoor 4 XR ‚Äì Wireless Security System with 2-Year Battery, 400ft Range & Sync Module XR (4Cameras)",,139.99,359.98,,,,
,,,,,,,
Kitchen Deals,,,,,,,
Ninja (Kitchen Appliances),,,,,,,
Ninja BL660 Professional 1100W Blender with 72 oz Pitcher & To-Go Cups,,79.99,139.99,,https://www.dealsmocktail.com/blog/nq7i4g80khdnbeziv5gzb3du/ninja-blender-now-available,11/23/2025,12/6/2025
"Ninja Professional 1000W Blender with 72 oz Pitcher ‚Äì Total Crushing Technology, BL610",,69.99,109.99,,https://amzn.to/3JsT66n,11/23/2025,12/6/2025
Ninja Mega Kitchen System 1500W Blender & Food Processor Combo ‚Äì BL770 (Black),,99.99,219.99,,https://amzn.to/4oVYqOo,11/23/2025,12/6/2025
Ninja | Air Fryer | 6.5 QT Pro XL Capacity fits 9lbs of Wings AF181,,89.99,179.99,,https://amzn.to/43TPmBE,11/23/2025,12/6/2025
"Ninja | XL Single Basket Air Fryer | 5.5 QT Capacity, AF150AMZ",,89.99,179.99,,https://amzn.to/4nNC4xC,11/23/2025,12/6/2025
"Ninja | Air Fryer | 4-in-1 Pro Air Fry, Roast, Reheat, Dehydrate | 5QT Capacity,  AF141",,79.99,129.99,,https://amzn.to/3LwrbmA,11/23/2025,12/6/2025
"Ninja Foodi Power Blender & Processor System, 6-in-1, 72-oz Pitcher + To-Go Cups, Silver (SS401)",,169.95,259.99,,https://dealsmocktail.com/12570-ninja-foodi-power-blender-processor-system-6-in-1-72-oz-pitcher-to-go-cups-silver-ss401,,
"Ninja Air Fryer, 10 QT, Cyberspace, DZ550‚ÄãGY",,129,249.99,,https://dealsmocktail.com/12636-ninja-air-fryer-10-qt-cyberspace-dz550gy,,
,,,,,,,
Magic Bullet,,,,,,,
Magic Bullet Essential with To-Go LidMagic Bullet Essential with To-Go Lid,,16,35,,https://dealsmocktail.com/12558-magic-bullet-essential-with-to-go-lid-midnight-indigo,,
,,,,,,,
Keurig,,,,,,,
Keurig K-Supreme Single-Serve Coffee Maker with MultiStream & 66oz Reservoir,,99,189.99,,https://dealsmocktail.com/12572-keurig-k-supreme-single-serve-k-cup-pod-coffee-maker,,
"Keurig K-Express Essentials Plus, Iced and Hot Single-Serve K-Cup Pod Coffee Maker",,35,79,,https://dealsmocktail.com/12576-keurig-k-express-essentials-plus-iced-and-hot-single-serve-k-cup-pod-coffee-maker-black,,
Keurig K-Express Single Serve K-Cup Pod Coffee Maker,,79.99,109.99,,https://dealsmocktail.com/5668-keurig-k-express-k-cup-pod-coffee-maker,,
"Beautiful 2 Qt Manual Slow Cooker, 2-Pack",,17.88,39,,https://dealsmocktail.com/12575-beautiful-2-qt-manual-slow-cooker-2-pack,,
Carote 14 Pcs Knife Set with Wooden Block Stainless Steel Knives with Ergonomic Handle,,29.99,85.96,,https://dealsmocktail.com/4358-carote-14-pcs-knife-set-with-wooden-block-stainless-steel-knives-with-ergonomic-handle,,
"Ninja SLUSHi Frozen Drink Machine with RapidChill Technology, 72 oz",,229,299,,https://dealsmocktail.com/12592-ninja-slushi-frozen-drink-machine-with-rapidchill-technology-72-oz,,
"Astercook 22 Piece Pots and Pans Set Non Stick, Cookware Set",,66.49,179.98,,https://dealsmocktail.com/12593-astercook-22-piece-pots-and-pans-set-non-stick-cookware-set,,
Cook with Color 12-Piece Mixing Bowl Set with Non-Slip Silicone Base and Transparent Lids,,11.97,34.99,,https://dealsmocktail.com/12597-cook-with-color-12-piece-mixing-bowl-set-with-non-slip-silicone-base-and-transparent-lids,,
Smiaoer 6 Qt Compact Air Fryer Toaster Oven with Digital LED Touchscreen Electric Hot Oven,,36.99,156.99,,https://mavely.app.link/e/PGMpoe2AjYb,,
"GPED Panini Press Grill, Stainless Steel Sandwich Maker with Double Non-Stick Coated Plates & Removable Drip Tray",,22.99,59.99,,https://mavely.app.link/e/rBtAY3oBjYb,,
"Aroma¬Æ 20-Cup (Cooked) Rice Cooker, Grain Cooker & Food Steamer",,22.01,33.86,,https://mavely.app.link/e/PxPdLlSAjYb,,
"Bluebow Single Serve Coffee Maker for K Cup & Ground Coffee& Tea, Capsule Coffee Machine, 6-12oz Brew Size",,29.59,73.99,,https://mavely.app.link/e/4pkqYn8AjYb,,
"Titanium Cutting Boards for Kitchen, 10.5‚Äù√ó6.5‚Äù",,10.99,29.99,D7Q7JO9H,https://dealsmocktail.com/12644-titanium-cutting-boards-for-kitchen-10565,,
Stainless Steel Cutting Board - 16x11 Inch,,11.99,23.99, JLHDVNMC,https://dealsmocktail.com/12645-stainless-steel-cutting-board-16x11-inch,,
CAROTE 6pcs Pots and Pans Set Non Stick,,29.99,69.99,,https://dealsmocktail.com/12646-carote-6pcs-pots-and-pans-set-non-stick,,
 Sedona Kitchen Stainless Steel 3-Pc. Stock Pot Set,,38.6,193,,https://dealsmocktail.com/12676-sedona-kitchen-stainless-steel-3-pc-stock-pot-set,,
,,,,,,,
Air Fryer Deals,,,,,,,
Chefman TurboFry 2-Quart Digital Air Fryer,,29.99,49.99,,https://mavely.app.link/e/031SXrzBjYb,,
Gourmia 8-Quart Digital Window Air Fryer with 8 One-Touch Cooking Functions,,39,129,,https://dealsmocktail.com/12582-gourmia-8-quart-digital-window-air-fryer-with-8-one-touch-cooking-functions,Gourmia 8-Quart Digital Window Air Fryer with 8 One-Touch Cooking Functions,
Gourmia 4-Qt Digital Air Fryer,,45.59,60,,https://dealsmocktail.com/12577-gourmia-4-qt-digital-air-fryer,Gourmia 4-Qt Digital Air Fryer,
Chefman TurboFry¬Æ Touch 6-Qt Easy-View Air Fryer w/ 4 Cooking Presets and 450¬∞F Hi-Fry Button,,49.99,99.99,,https://mavely.app.link/e/A7egARwdXUb,,
,,,,,,,
,,,,,,,
Nutribullet,,,,,,,
nutribullet Full-Size Blender Combo 1200W ,,79,160,,https://dealsmocktail.com/12574-nutribullet-full-size-blender-combo-1200w-nbf50500,,
,,,,,,,
(Home & Bedding),,,,,,,
"Holiday Printed Microfiber 3-Pc. Sheet Set, Twin",,7.99,30,,https://dealsmocktail.com/12523-sanders-holiday-printed-microfiber-3-pc-sheet-set-twin,11/10/2025,
"Clara Clark Queen Sheets Set, 1800 Series 4 Piece Deep Pocket Sheets",,17.69,69.99,,https://dealsmocktail.com/3006-clara-clark-bed-sheets-set-1800-series-deep-pocket-soft-microfiber-4-piece-queen-sheet-sets,,
VAVSEA Steamer for Clothes,,16.19,59.99,,https://dealsmocktail.com/9802-vavsea-steamer-for-clothes,,
BLACK+DECKER Easy Steam Compact Iron,,10.99,32.34,,https://dealsmocktail.com/12637-blackdecker-easy-steam-compact-iron,,
,,,,,,,
Health & Wellness,,,,,,,
arboleaf Scalp Massager,,33.99,40,,https://dealsmocktail.com/12648-arboleaf-scalp-massager,,
"RENPHO Shiatsu Foot Massager with Heat and Remote Control, FSA/HSA Eligible ",,67.99,105.99,,https://dealsmocktail.com/12649-renpho-shiatsu-foot-massager-with-heat-and-remote-control,,
COMFIER HSA Eligible Shiatsu Foot Massager Machine with Heat,,63.99,90,,https://dealsmocktail.com/12650-comfier-hsa-eligible-shiatsu-foot-massager-machine-with-heat,,
arboleaf Mini Massage Gun Deep Tissue,,44.99,57,,https://dealsmocktail.com/12651-arboleaf-mini-massage-gun-deep-tissue,,
RENPHO Eyeris 2 Eye Massager with Heat,,47.48,72.99,,,,
,,,,,,,
Laptop Deals,,,,,,,
HP 14 inch HD Chromebook Laptop Intel Processor N200 4GB RAM 128GB UFS Glacier Silver,,119,409.99,,https://dealsmocktail.com/12589-hp-14-inch-hd-chromebook-laptop-intel-processor-n200-4gb-ram-128gb-ufs-glacier-silver,,
HP 15.6 inch FHD IPS Windows Laptop Intel Core i3-N305 8GB RAM 256GB PCIe NVMe SSD,,219,549.99,,https://dealsmocktail.com/12588-hp-156-inch-fhd-ips-windows-laptop-intel-core-i3-n305-8gb-ram-256gb,,
Lenovo IdeaPad 5i 2-in-1 14‚Äù WUXGA Touchscreen Intel Core Ultra 5 AI 8GB Ram 512 SSD,,399,899.99,,https://dealsmocktail.com/11304-lenovo-ideapad-5i-2-in-1-14-wuxga-touchscreen-intel-core-ultra-5-ai-8gb-ram-512-ssd,,
"ASUS Vivobook 16"" WUXGA Laptop Intel Core i7-1355U 16GB RAM 512GB SSD Black",,399,649.99,,https://dealsmocktail.com/12591-asus-vivobook-16-wuxga-laptop,,
HP Victus 15.6 inch FHD 144Hz IPS Windows Gaming Laptop Intel Core i5-13420H 16GB RAM 512GB SSD RTX 4050,,499.99,1049.99,,https://dealsmocktail.com/8799-hp-victus-156-inch-fhd-144hz-ips-windows-laptop-intel-core-i5-13420h-16gb-ram-512gb-ssd,,
HP OmniBook 5 16 inch 2K Laptop Next Gen AI PC AMD Ryzen AI 7 350 16GB RAM 512GB SSD,,499.99,939.99,,https://dealsmocktail.com/5904-hp-omnibook-5,,
"Apple 2025 MacBook Air 13"" (M4) ‚Äì 16GB RAM, 256GB SSD
",,749,999,,https://dealsmocktail.com/5491-apple-2025-macbook-air-13-inch-laptop,,
"Alienware 16"" Aurora Gaming Laptop Intel Core 7-240H, 16GB RAM, 1TB SSD, NVIDIA GeForce RTX 5050",,799,1249.99,,https://dealsmocktail.com/12590-alienware-16-aurora-gaming-laptop,,
"Dell 16‚Äù Laptop, Intel¬Æ Core‚Ñ¢ 5, 8GB, 512GB, FHD+ Touch, Silver Metal, Backlit Keyboard",,379,699.99,,https://dealsmocktail.com/12623-dell-16-laptop-intel-coretm-5-8gb-512gb-fhd-touch-silver-metal-backlit-keyboard,,
,,,,,,,
Monitor Deals,,,,,,,
"LG 27‚Äù UltraGear FHD 144Hz Overclock Gaming Monitor with AMD FreeSync, 27G411A-B",,89,169.99,,https://dealsmocktail.com/12608-lg-27-ultragear-fhd-144hz-overclock-gaming-monitor-with-amd-freesync-27g411a-b,,
Dell Alienware 27 Gaming Monitor - AW2725DM,,189.99,269.99,,https://dealsmocktail.com/12658-dell-alienware-27-gaming-monitor-aw2725dm,,
Dell Alienware 27 360Hz QD-OLED Gaming Monitor - AW2725DF,,549.99,899.99,,https://dealsmocktail.com/4174-alienware-27-360hz-qd-oled-gaming-monitor-aw2725df,,
Dell Alienware 34 240Hz QD-OLED Gaming Monitor - AW3425DW,,649.99,799.99,,https://dealsmocktail.com/12657-alienware-34-240hz-qd-oled-gaming-monitor-aw3425dw,,
Dell Alienware 32 4K QD-OLED Gaming Monitor - AW3225QF,,799.99,1199.99,,https://dealsmocktail.com/5801-alienware-32-4k-qd-oled-gaming-monitor,,
Samsung 32 Inch Odyssey G5 G50DQHD | 180Hz | IPS | G-Sync Compatible | Gaming Monitor,,249.99,429.99,,https://dealsmocktail.com/12659-samsung-32-odyssey-g50d-qhd-fast-ips-180hz-1ms-displayhdr-400-g-sync-compatible-gaming-monitor,,
,,,,,,,
,,,,,,,
,,,,,,,
TV Deals,,,,,,,
"VIZIO 50"" Class 4K LED HDR Limited Edition Smart TV (NEW) V4K50S-08",,128,214,,https://dealsmocktail.com/12580-vizio-50-class-4k-led-hdr-limited-edition-smart-tv-new-v4k50s-08,,
"LG 55-Inch 4K UHD AI Smart TV, 55UA7000",,248,328.99,,https://dealsmocktail.com/12584-lg-55-inch-4k-uhd-ai-smart-tv-55ua7000,,
"Hisense 75"" Class H5 Series QLED 4K UHD Roku Smart TV (75H5QBR, 2025 Model)",,378,499,,https://dealsmocktail.com/12585-hisense-75-class-h5-series-qled-4k-uhd-roku-smart-tv-75h5qbr-2025-model,,
"Hisense 75"" E6 Cinema Series QLED 4K UHD Smart Fire TV (75E6QF, 2025 Model) - QLED",,449,799.9,,https://dealsmocktail.com/12660-hisense-75-e6-cinema-series-qled-4k-uhd-smart-fire-tv-75e6qf-2025-model-qled,,
"Samsung 55"" Class QLED Q6F 4K Smart TV (2025)",,348,499.99,,https://dealsmocktail.com/12586-samsung-55-class-qled-4k-qled-smart-tv-2025-qn55q6faafxza,,
"Samsung 65"" Inch Class QLED Q6F 4K Smart TV (2025)",,448,599.99,,https://dealsmocktail.com/12587-samsung-65-class-qled-4k-qled-smart-tv-2025-qn65q6faafxza,,
Samsung 65‚Äù Class Crystal UHD U7900F 4K Smart TV 2025 - UN65U7900FFXZA,,328,429.99,,https://dealsmocktail.com/12596-samsung-65-class-crystal-uhd-u7900f-4k-smart-tv,,
Samsung 55‚Äù Class Crystal UHD U7900F 4K Smart TV 2025 - UN55U7900FFXZA,,248.99,349.99,,https://dealsmocktail.com/12525-samsung-85-inch-class-crystal-uhd-u7900f,11/10/2025,
"Samsung 70"" Class Crystal UHD U7900F 4K Smart TV 2025 - UN55U7900FFXZA",,399.99,599.99,,,11/10/2025,
"Samsung 75"" Class Crystal UHD U7900F 4K Smart TV 2025 - UN55U7900FFXZA",,479.99,649.99,,,11/10/2025,
"Samsung 85"" Class Crystal UHD U7900F 4K Smart TV 2025 - UN55U7900FFXZA",,699.99,999.99,,,11/10/2025,
"Samsung 50"" Class QLED QEF1 4K Samsung Vision AI Smart TV (2025) Includes Student Savings",,323.99,499.99,,https://dealsmocktail.com/12441-samsung-75-inch-class-qled-qef1-4k-samsung-vision-ai-smart-tv-2025,,
"Samsung 55"" Class QLED QEF1 4K Samsung Vision AI Smart TV (2025) Includes Student Savings",,341.99,599.99,,,,
"Samsung 65"" Class QLED QEF1 4K Samsung Vision AI Smart TV (2025) Includes Student Savings",,431.99,849.99,,,,
"Samsung  75"" Class QLED QEF1 4K Samsung Vision AI Smart TV (2025) Includes Student Savings",,611.99,1199.99,,,,
"Samsung 65"" Class Neo QLED QN80F 4K Samsung Vision AI Smart TV (2025) Inclusive of Student Saving",,899.99,1799.99,,https://dealsmocktail.com/12564-samsung-85-inch-class-neo-qled-qn80f-4k-samsung-vision-ai-smart-tv-2025,,
"Samsung 75"" Class Neo QLED QN80F 4K Samsung Vision AI Smart TV (2025) Inclusive of Student Savings",,1349.99,2399.99,,,,
"Samsung 85"" Class Neo QLED QN80F 4K Samsung Vision AI Smart TV (2025) Inclusive of Student Saving",,1699.99,3499.99,,,,
LG 70‚Äù 4K UHD webOS Smart TV,,368,429,,https://dealsmocktail.com/7391-lg-70-4k-uhd-webos-smart-tv,11/10/2025,
"TCL 98"" Q Series (NEW 2025) 4K QLED, 144Hz, Dolby Vision HDR & Dolby Atmos Google TV",,998,1798.99,,https://dealsmocktail.com/12581-tcl-98-q-series-new-2025-4k-qled-144hz-dolby-vision-hdr-dolby-atmos-google-tv,11/14/2025,
"Hisense 100"" Class QD6 Series (100QD6QF, 2025 Model) QLED 4K UHD Smart Fire TV",,1299,2499,,https://dealsmocktail.com/12655-hisense-100-class-qd6-series-100qd6qf-2025-model-qled-4k-uhd-smart-fire-tv,,
,,,,,,,
Smart Phone Deals,,,,,,,
"Samsung Galaxy S25 Edge Phone, 512 GB",,729,1220,,https://dealsmocktail.com/9547-samsung-galaxy-s25-edge-phone-512-gb-ai-smartphone,11/10/2025,
Samsung  Galaxy S25 Ultra Unlocked | 256GB,,849,1300,,https://dealsmocktail.com/12486-samsung-galaxy-s25-ultra-256gb,11/10/2025,
Samsung galaxy z fold 7 512gb,,1399,2120,, https://dealsmocktail.com/7499-samsung-galaxy-z-fold7-unlocked-512gb,11/10/2025,
,,,,,,,
Samsung Watch Deals,,,,,,,
Samsung Galaxy Watch 7 40mm Bluetooth AI Smartwatch ,,139.99,249.99,,https://amzn.to/44fTlZn,,
,,,,,,,
,,,,,,,
DJI,,,,,,,
DJI Osmo Mobile 7 Gimbal Stabilizer,,56,89,,https://dealsmocktail.com/12661-dji-osmo-mobile-7-gimbal-stabilizer,,
,,,,,,,
Projector Deals,,,,,,,
TMY 1080P Full HD Portable Mini Projector,,24.99,79.99,8G4R475T,https://dealsmocktail.com/12565-tmy-1080p-full-hd-portable-mini-projector,,
Mini Projector 1080P Portable Projector ,,38.75,299.99,,,,
,,,,,,,
Car & Vehicle Electronics,,,,,,,
"REDTIGER Dash Cam Front Rear, 4K/2.5K Full HD Dash Camera for Cars, Included 32GB Card",,85.48,149.98,,https://dealsmocktail.com/12573-redtiger-dash-cam-front-rear-4k25k-full-hd,,
"3 Channel Dash Cam, 4K/2.5K+1440P Dash Cam Front and Rear Inside, Dash Camera for Cars",,38.99,88.99,,https://dealsmocktail.com/12598-3-channel-dash-cam-4k25k1440p-dash-cam-front-and-rear-inside,,
,,,,,,,
Electric Bike Deals,,,,,,,
"Gocio 26"" Foldable Electric Mountain Bike ‚Äì 500W",,369.99,599.99,,https://mavely.app.link/e/a4oX5ihVhYb,,
"ZDZA Electric Bike 26‚Äù, 1000W Peak Motor E-Mountain Bike, 22MPH",,359.99,799.99,,https://mavely.app.link/e/SUCBXbRVhYb,,
"Gocio 26"" 4.0 Fat Tire Electric Bike for Adults, 750W Motor",,499.99,1289.99,,https://mavely.app.link/e/wfRDclmWhYb,,
"5TH WHEEL Electric Bike for Adult with 350W Motor, W18B 26""",,378.99,699.99,,https://mavely.app.link/e/Wbr36vMWhYb,,
"AMYET EB26 Electric Bike for Adults, 26*4.0 Fat Tire E-Mountain Bicycle",,575.99,1099.99,,https://mavely.app.link/e/k4UBx15WhYb,,
,,,,,,,
Electric Scooter Deals,,,,,,,
"GOTRAX G2Plus Foldable Electric Scooter for Adult Teens Age of 8+ with 6"" Tires, 200W 12mph",,148,248,,https://www.dealsmocktail.com/blog/h89zxillzwgo39j33c1kiq27/electric-scooter-deals,,
"MIHOVER 550W Foldable Electric Scooter w/ Seat, 19 MPH, 12"" Tires, Front/Rear Baskets, 21-Mile Range",,349.99,1299.99,,,,
"5TH WHEEL W09S 350W Electric Scooter, 18 MPH, 20-Mile Range, 8.5"" Tires, Turn Signals, Foldable w/ App Control",,169.99,369.99,,,,
"EVERCROSS EV85F Electric Scooter for Adults, 350W",,199.99,269.99,,,,
"Segway MAX G2 Electric Scooter, 22 mph Max Speed, 43 Miles Max Range, Teens and Adults, Black",,699.99,1399.99,,,,
"Segway E2 Pro Electric Scooter, 18.6 mph Max Speed, 21.7 Miles Max Range, Teens and Adults",,379.99,599.99,,,,
,,,,,,,
Kids Bike & car Deals,,,,,,,
Madd Gear Eclipse Commuter Scooter with 200mm Blue Wheels - Suitable for Kids and Adults,,39,69.99,,https://mavely.app.link/e/NVmHQlK0hYb,,
Dynacraft Magna Sweetheart 12-Inch BMX Bike For Age 3-5 Years,,83.99,119.99,,https://mavely.app.link/e/swrdZ4O0hYb,,
"Razor RipRider 360 Mini - Teal, 360 Degrees Caster Tricycle",,49,121,,https://dealsmocktail.com/12660-hisense-75-e6-cinema-series-qled-4k-uhd-smart-fire-tv-75e6qf-2025-model-qled,,
,,,,,,,
Furniture Deals,,,,,,,
"Wayfair Early Black Friday Sale!

",,,,,https://dealsmocktail.com/saleDetail/248-wayfair-early-black-friday-sale,,
Office & Gaming Chair Deals,,,,,,,
GTRACING Gaming Chair,,89.99,199.99,,https://dealsmocktail.com/5391-gtracing-gaming-chair,,
EDX Ergonomic Gaming Chair High Back Office Chair,,76.97,137.99,,https://dealsmocktail.com/7097-edx-ergonomic-gaming-chair-high-back-office-chair-with-lumbar-support,,
Bigzzia Gaming Chair Office Chair,,75.99,149.99,,https://mavely.app.link/e/L1fjQXUGhYb,,
,,,,,,,
Gaming/ Computer  Desks/ Electric Standing Desk,,,,,,,
48 inch Gaming Desk with Storage & LED Lights,,59.99,159.99,,https://mavely.app.link/e/FLhLqOaHhYb,,
Bestier 51 inch Gaming/ Computer Desk with LED Lights,,79,139.99,,https://mavely.app.link/e/KWVBPWjHhYb,,
47 inch Gaming/ Computer Desk with LED,,66.49,149.99,,https://mavely.app.link/e/Igp50DzHhYb,,
"FLEXISPOT EN1 One-Piece Standing Desk, 48 x 24 Inches",,99,180,33R4WVK7,https://dealsmocktail.com/12675-flexispot-en1-one-piece-standing-desk-48-x-24-inches,,
Koree Standing & Height-Adjustable Desks,,88.99,350,,https://dealsmocktail.com/2823-koree-standing-height-adjustable-desks,,
,,,,,,,
,,,,,,,
Recliner Chair Deals,,,,,,,
Bonzy Home Overstuffed Massage Recliner Chair with Heat and Vibration,,219.99,359.99,,https://mavely.app.link/e/ASStCs9HhYb,,
"JONPONY Power Lift Recliner Chair with Heat, Massage, Side Pocket and USB Charge Port",,259.99,499.99,,https://mavely.app.link/e/plW1r5gKhYb,,
"Bonzy Home Leather Electric Recliner Chair with USB Ports and Cup Holders (Black, Brown)",,298.76,499.99,,https://mavely.app.link/e/9Ix6vEsIhYb,,
"TEKAMON Large Power Lift Leather Recliner Chair with Heat, Massage, Cup Holders and Remote Control ",,485,779,,https://mavely.app.link/e/6SpXVvMIhYb,,
Bonzy Home Electric Power Recliner Sofa Set Loveseat,,699.99,899.99,,https://mavely.app.link/e/gC4zT21IhYb,,
,,,,,,,
Sofa Deals,,,,,,,
"87"" Couch Premium PU Leather 3 seater sofa with 2 pillows (Availble in Green, Black, Brown)",,365.99,559.99,,https://mavely.app.link/e/7CYiTovJhYb,,
BedLuxury 47'' Wide 2-seat Chenille sofa with 2 Pillows,,134.99,234.99,,https://mavely.app.link/e/Gdg4jiPJhYb,,
"LLappuil 71"" Corduroy Futon Convertible Sofa Bed ",,143.99,299.99,,https://mavely.app.link/e/QX33MtXKhYb,,
"Sobaniilo 79.1"" Sectional Sofa with Movable Storage Ottoman, L-Shaped C",,255.99,499.99,,https://mavely.app.link/e/ARWlKAhLhYb,,
"Furmax U-Shaped Sectional Sofa with Chaise, 4 Seats",,309.99,739.99,,https://mavely.app.link/e/YmO6qotLhYb,,
"VANACC Sectional Sofa Bed with Storage and Soft Seat ,Reversible Pull Out Couch ",,389.99,599.99,,https://mavely.app.link/e/ooUKpG8KhYb,,
"Linsy Home Plush Corduroy Sleeper Sofa Bed with Storage Seat, Pull Out Couch Bed with USB, Cup Holder, Side Pocket",,629.99,"2,999.99",,https://mavely.app.link/e/XIKLKP2JhYb,,
,,,,,,,
Coffee Table Deals,,,,,,,
Sparta Lift Top Extendable Coffee Table With Storage,,67.99,160.99,,https://dealsmocktail.com/12677-sparta-lift-top-extendable-coffee-table-with-storage,,
,,,,,,,
,,,,,,,
,,,,,,,
TV Stand Deals,,,,,,,
"Mainstays Parsons TV Stand for TVs up to 50""",,48.44,69,,https://mavely.app.link/e/moXsXd0LhYb,,
Mainstays Westley Sliding Door TV Stand for TVs up to 75‚Äù,,82.44,106,,https://mavely.app.link/e/qrzBm3yMhYb,,
"MARNUR 55"" TV Stand for 60"" TV",,116.99,209.99,,https://mavely.app.link/e/EvCMeTXMhYb,,
"Bestier LED TV Stand for TVs up to 85""",,145.9,269.99,,https://mavely.app.link/e/FwDzMaaNhYb,,
"Bestier LED TV Stand for 75 inches TV Entertainment Center for TVs up to 85""",,151.99,299.99,,https://mavely.app.link/e/jnZBH8jNhYb,,
"SinCiDo Farmhouse Fireplace TV Stand 75 Inch, Electric Fireplace TV Stand Up to 80 Inch TVs",,284.9,499.99,,https://mavely.app.link/e/HE68BbtNhYb,,
,,,,,,,
Bed Frame Deal,,,,,,,
"QFTIME 14"" Queen Metal Bed Frame with Steel Slats, Heavy Duty Mattress Foundation",,53,110,,https://mavely.app.link/e/j5QFDbVQhYb,,
Asofer Queen Size Bed Frame with Upholstered Headboard,,109.59,219.99,,https://mavely.app.link/e/0Y8xhIyRhYb,,
Topeakmart Queen Size Platform Bed with Upholstered Headboard & Mattress Foundation,,109,229.99,,https://mavely.app.link/e/5bbiqhmddVb,,
"Amolife Queen Size Bed Frame, Heavy Duty Metal Platform Bed ",,109.99,399.98,,https://mavely.app.link/e/77OafB8RhYb,,
"Aiho Queen Lift Up Storage Bed, Queen Size Bed Frame",,161.49,359.99,,https://mavely.app.link/e/3zmb9rJQhYb,,
Amolife Queen Faux Leather Upholstered Platform Bed Frame with Adjustable Headboard,,159.99,229.99,,https://mavely.app.link/e/1VMiuB8QhYb,,
"Lifezone Queen Bed Frame with Bookcase Headboard, LED, Charging Ports & 4 Storage Drawers",,199.99,369.99,,https://mavely.app.link/e/DhaX96mRhYb,,
EnHomee Queen Bed Frame with Headboard & Storage Upholistered Bed with 2 Large Drawers Noise Free,,227.98,,,https://mavely.app.link/e/CzAuWprShYb,,
,,,,,,,
Mattress Deals,,,,,,,
"Babo Care TXO 12"" Cooling Queen Medium Euro Hybrid Mattress",,145.99,999,,https://mavely.app.link/e/DJnnayHShYb,,
KOW Mattress Queen 12 inch Hybrid Mattress in a Box,,149.99,349.98,,https://mavely.app.link/e/XlypWWZl3Ub,,
"GREOO 12"" Queen Hybrid Mattress ‚Äì Gel Memory Foam & Pocket Coils, Medium Firm, Bed-in-a-Box",,195.99,269.99,,https://mavely.app.link/e/WVGX8B0ShYb,,
"GUUKIN 12 inch Queen Mattress, Memory Foam & Spring Hybrid Medium Comfort Queen Size",,149.99,410.99,,https://mavely.app.link/e/0X3Tqo7ShYb,,
"Nisien 12 Inch Hybrid Mattress in a Box, Gel Memory Foam Mattress, Queen Size",,155.99,323,,https://mavely.app.link/e/Yt5zCsrVzOb,,
"Sleepy's Hybrid Clearance 11"" Firm Mattress, Queen",,337.49,1609,FLASH25,https://dealsmocktail.com/12625-sleepys-hybrid-clearance-11-firm-mattress-queen,,
"Sealy Cool 12"" Medium Memory Foam Mattress",,389,1200,,https://dealsmocktail.com/12679-sealy-cool-12-medium-memory-foam-mattress,,
,,,,,,,
Vanity Set Deals,,,,,,,
"Furmax Makeup Vanity Desk with Lighted Mirror, Drawers & USB Outlet",,139.99,209.99,,https://mavely.app.link/e/oPCs8sBThYb,,
Ktaxon Lighted Vanity Table Set with Sliding Mirror & USB Charging Station,,104,194.99,,https://mavely.app.link/e/BGUfyr5ThYb,,
"Ktaxon Vanity Set with 3-Color Lighted Mirror, Charging Station & Storage ‚Äì Retro Gray",,153.89,233.89,,https://mavely.app.link/e/nyrX8CeUhYb,,
Ktaxon Large GRWM Makeup Vanity with Glass Top & Charging Station ‚Äì White,,189.99,299.99,,https://mavely.app.link/e/smbLbkwUhYb,,
,,,,,,,
"Patio, Lawn & Garden",,,,,,,
"WORX 40V 14"" Cordless Lawn Mower",,129,299.99,,https://dealsmocktail.com/12568-worx-40v-14-cordless-lawn-mower,,
"Aoxun 10x12 Hardtop Gazebo with Curtains & Netting ‚Äì Steel Roof, Aluminum Frame, Black",,579.99,1129.99,,https://mavely.app.link/e/17eV9HVNhYb,,
Costway 3 Seats Patio Backyard Canopy Steel Frame Swing Glider Hammock Cushioned,,89.99,179.99,,https://mavely.app.link/e/3z0SsaaOhYb,,
Walsunny 4-Piece Patio Rattan Furniture Set with Cushions & Tempered Glass Tabletop,,139.99,269.99,,https://mavely.app.link/e/t5mtQAnOhYb,,
Brafab 2 Person Swing Egg Chair with Sturdy Stand and Fluffy Cushion,,215.9,599.99,,https://mavely.app.link/e/lpSAvayOhYb,,
,,,,,,,
"32"" Wood Burning Fire Pit Tables with Screen Lid, Poker, BBQ Net, Ice Tray, Food Clip and Cover",,65.99,169.99,,https://mavely.app.link/e/pvJhMIOOhYb,,
"Greenworks 80V 21"" Cordless Mower + 500 CFM Blower Set with 2 Batteries & Rapid Charger",,364.99,599.99,,https://mavely.app.link/e/EbpJX80OhYb,,
"Greenworks 40V 12"" String Trimmer with 2.0 Ah Battery & Charger 2101602",,79.99,139.99,,https://mavely.app.link/e/rYjkliaPhYb,,
Litheli 20V Cordless Leaf Blower 350CFM ,,39.99,99.99,,https://mavely.app.link/e/l8h05VnPhYb,,
,,,,,,,
Fashion Deals,,,,,,,
Michael Kors Black Friday Preview Sale! Upto 80% Off + Extra 20% Off (When you Buy2),,,,,https://dealsmocktail.com/saleDetail/237-michael-kors-black-friday-sale,,
kate spade Holiday Sale! Upto 70% Off + Extra 20% Off Select styles + Take 15% Off On your $125 plus purchase,,,,,https://dealsmocktail.com/saleDetail/238-kate-spade-holiday-sale,,
Columbia Members Exclusive Early Access Black Friday Sale! 50% Off Top Deals,,,,,https://dealsmocktail.com/saleDetail/239-columbia-early-access-black-friday-sale,,
"Calvin Klein Early Access to  Black Friday Sale! 50% Off Site wide + Extra 30% Off On Sale Items
",,,,,https://dealsmocktail.com/saleDetail/240-calvin-klein-black-friday-early-access,,
Banana Republic Factory Holiday Preview Sale! Everything 50% Off + Extra 50% Off on Clearance,,,,,https://dealsmocktail.com/saleDetail/228-banana-republic-factory-holiday-preview-event,,
Nike Black Friday Sale! Upto 60% Off + Extra 25% Off w/code ACCESS,,,,,https://dealsmocktail.com/saleDetail/247-nike-black-friday-sale,,
Levis Strauss Signature Men's and Big Men‚Äôs Athletic Fit Jeans,,15,25,,https://dealsmocktail.com/12599-levi-strauss-signature-mens-and-big-mens-athletic-fit-jeans,,
George Men's and Big Men's Quarter Zip Pullover with Long Sleeves,,10,17,,https://dealsmocktail.com/12600-george-mens-and-big-mens-quarter-zip-pullover-with-long-sleeves,,
"Reebok Men's & Big Men's Dash Rice Hole Mesh Gym Shorts, 7"" Inseam",,9.99,,,https://dealsmocktail.com/12602-reebok-mens-big-mens-dash-rice-hole-mesh-gym-shorts-7-inseam,,
IZOD Men's & Big Men's Puffer Jacket,,24,62,,https://dealsmocktail.com/12603-izod-mens-big-mens-puffer-jacket-up-to-size-2xl,,
U.S. Polo Assn. Men's Cotton Crewneck Tee with Long Sleeves,,9,14,,https://dealsmocktail.com/12605-us-polo-assn-mens-cotton-crewneck-tee-with-long-sleeves-sizes-s-xl,,
GENTS BLISS Henley Sweatshirts for Men,,16,69.99,,https://dealsmocktail.com/8844-gents-bliss-henley-sweatshirts-for-men,,
Hanes Men's  EcoSmart Full Zip Fleece Hoodie Sweatshirt,,9.99,28,,https://dealsmocktail.com/12618-hanes-mens-big-mens-ecosmart-full-zip-fleece-hoodie-sweatshirt-sizes-s-3xl,,
Hanes Men's EcoSmart Fleece Hoodie Sweatshirt,,8.74,27,,https://dealsmocktail.com/12619-hanes-mens-ecosmart-fleece-hoodie-sweatshirt-sizes-s-5xl,,
"Reebok Men's & Big Men's Logo Graphic T-Shirt, Sizes XS-5XL",,10,12,,https://dealsmocktail.com/12620-reebok-mens-big-mens-logo-graphic-t-shirt,,
Adidas Men‚Äôs Entrada 22 Shorts,,6.8,18,SD15,https://dealsmocktail.com/9172-adidas-mens-entrada-22-shorts,,
Adidas Men‚Äôs Train Essentials Training Tee,,8,30,SD15, https://dealsmocktail.com/12487-adidas-train-essentials-training-tee,,
Adidas Men's Kaptir 4.0 Shoes,,36,90,,https://dealsmocktail.com/12614-adidas-mens-kaptir-40-shoes,,
Adidas Adissage 360rec Slides,,15,35,SD15,https://dealsmocktail.com/12615-adidas-adissage-360rec-slides,,
Adidas Originals Adifom IIInfinity Mules,,25,50,,https://dealsmocktail.com/12241-adidas-adifom-iiinfinity-mules,,
Adidas Men's Galaxy 7 Running Shoes,,25,60,SD15,https://dealsmocktail.com/12616-adidas-mens-galaxy-7-running-shoes,,
Adidas Train Essentials Piqu√© 3-Stripes Training Shorts,,11.9,31,SD15,https://dealsmocktail.com/8746-adidas-mens-hiit-train-essentials-pique-3-stripes-training-shorts,,
Adidas Legends 3-Stripes Basketball Shorts,,12.75,30,SD15,https://dealsmocktail.com/9535-adidas-mens-workout-legends-3-stripes-basketball-shorts,,
Adidas Runfalcon 5 Running Shoes,,28,65,SD15,https://dealsmocktail.com/12628-adidas-mens-runfalcon-5-running-shoes,,
Nike Free Metcon 5  Men's Workout Shoes,,68,120,ACCESS,https://dealsmocktail.com/12653-nike-free-metcon-5-mens-workout-shoes,,
NIKE Air Jordan 1 Low Men's Shoes,,68,120,ACCESS,https://dealsmocktail.com/5283-air-jordan-1-low,,
Nike Air Jordan 1 Mid Men's Shoes,,73,130,ACCESS,https://dealsmocktail.com/5737-air-jordan-1-mid-mens-shoes,,
"Nike Air VaporMax 2023 Flyknit Electric Men's Shoes
",,99,120,ACCESS,https://dealsmocktail.com/7935-nike-air-vapormax-2023-flyknit-electric,,
Nike Court Air Zoom Vapor Pro 2 Men's Clay Tennis Shoes,,73,130,ACCESS,https://dealsmocktail.com/12654-nikecourt-air-zoom-vapor-pro-2-mens-clay-tennis-shoes,,
Nike Air Max Dn Essential Men's Shoes,,72.72,160,ACCESS,https://dealsmocktail.com/5691-nike-air-max-dn-essential,,
,,,,,,,
Big Chill Women's and Women's Plus Chevron Quilted Puffer Jacket with Hood,,22.99,85,,https://dealsmocktail.com/12621-big-chill-womens-and-womens-plus-chevron-quilted-puffer-jacket-with-hood,,
Time and Tru Women‚Äôs and Women‚Äôs Plus Super Soft Longline Cardigan Sweater,,13.98,18.98,,https://dealsmocktail.com/12622-time-and-tru-womens-and-womens-plus-super-soft-longline-cardigan-sweater,,
,,,,,,,
Toy Deals,,,,,,,
"Monster Jam, Official Monster Jam Collection 9-Pack Monster Trucks, 1:64 & 1:87 Scale (Walmart Exclusive)",,20,31.97,,https://mavely.app.link/e/ghi7UbOFhYb,,
Hot Wheels Action 4-Loop Crash Out Track Set with Motorized Booster & 1:64 Scale Toy Car,,30,53.99,,https://mavely.app.link/e/Vdn9ex8yjYb,,
HALO Rise Above Jr. 3-Piece Adjustable Inline Skates Combo Set - Red - Skates and Helmet- Junior Sizes 3-6,,29,50,,https://mavely.app.link/e/c521uehzjYb,,
Squishmallows Original Sanrio 8 inch Hello Kitty with Pink Overalls - Child's Ultra Soft Plush,,5,12.97,,https://mavely.app.link/e/AxMytOlzjYb,,
Carrera RC Mario Kart Pipe Kart RC Car - Mario,,37.49,56.99,,https://mavely.app.link/e/hus1TsyzjYb,,
"Bounce Pro 10' Trampoline, Flash Light Zone, Classic Safety Enclosure",,99,207,,https://mavely.app.link/e/0oQtQTDzjYb,,
"Fisher-Price Laugh & Learn Learn & Serve Coffee Caf√© Toddler Electronic Toy, 10 Play Pieces",,17.49,32.39,,https://mavely.app.link/e/hnDIZIQzjYb,,
"Razor A Kick Scooter for Kids - Clear, Lightweight, Foldable, Aluminum Frame, for Child Ages 5+.",,24.27,39.99,,https://mavely.app.link/e/xSyDv50zjYb,,
"Play-Doh Stamp & Saw Tool Bench Playset, Construction Toys for Ages 3+",,11.99,25.99,,https://mavely.app.link/e/U4ElRXhAjYb,,
"6V Huffy Disney Minnie Mouse Battery-Powered Ride-On Car, Kids Ages 3+",,118,174,,https://mavely.app.link/e/JUKH379zjYb,,
"Barney Light up Wheels Tilt and Turn Toddler Scooter, 3 Wheel Kick Scooter for Kids Ages 3+",,18,34.99,,https://mavely.app.link/e/F9RmjxoAjYb,,
"Bestway Xtreme Air 14' Outdoor Trampoline, No-Gap Enclosure, Anti-Rust Steel, Fast Setup",,159,229,,https://mavely.app.link/e/JE2HgEuAjYb,,
Crtynell 100PCS Magnetic Blocks-Build Magnet World Set,,18.99,99,,https://dealsmocktail.com/12633-crtynell-100pcs-magnetic-blocks-build-magnet-world-set,,
,,,,,,,
LEGO Deals,,,,,,,
,,,,,,,
LEGO Star Wars Grogu with Hover Pram Building Toy Set,,49.99,99.99,,https://amzn.to/3JCc2zH,,
LEGO Botanicals Mini Bonsai Trees Building Set,,49.99,69.99,,https://amzn.to/43xteNv,,
LEGO Christmas Tree,,26.99,46.99,,https://amzn.to/3JQdw9u,,
LEGO Speed Champions BMW M4 GT3 & BMW M Hybrid V8 Race Cars,,25,44.99,,https://amzn.to/44dUq3U,,
"LEGO F1 Collectible Race Cars, 6 Pack - Building Set ",,17.79,22.94,,https://amzn.to/4i1ZZbz,,
LEGO Classic Medium Creative Brick Box 10696 Building Toy Set,,17.99,34.99,,https://amzn.to/4r33iTN,,
LEGO Speed Champions Ford Mustang Dark Horse Sports Car Toy,,17.59,26.99,,https://amzn.to/47Sh6cx,,
"LEGO Harry Potter Flying Ford Anglia, Buildable Car Toy with 2 Minifigures",,9.59,14.99,,https://amzn.to/3M16oHQ,,
LEGO Disney Princess Twirling Ariel Toy,,6.79,9.99,,https://amzn.to/4oIeROV,,
LEGO Creator 3 in 1 Magical Unicorn Toy,,6.79,9.99,,https://amzn.to/4r0rxSJ,,
,,,,,,,
Beauty Deals,,,,,,,
COSRX Snail Mucin 96% Power Repairing Essence 3.38 fl.oz 100ml,,16.45,25,,https://dealsmocktail.com/12567-cosrx-snail-mucin-repairing-serum-100ml-hydrating-serum-for-face,,
"TruSkin Vitamin C Serum For Face ‚Äì Anti Aging Face Serum, 1 Fl Oz",,12.09,21.99,,https://dealsmocktail.com/8818-truskin-vitamin-c-serum-for-face-anti-aging-face-serum,,
Wavytalk Blow Dryer,,21.64,45,DQ7WQY7G,https://dealsmocktail.com/12604-wavytalk-hair-dryer-blown-away-ionic-hair-dryer-for-curly-hair-with-diffuser,,
Shark FlexStyle¬Æ (Special Edition) | Air Styling & Drying System,,199,329,,https://www.dealsmocktail.com/blog/ieibw0rohh0c463m376aoje2/shark-hair-styling-deals,,
Shark FlexFusion Hair Straightener & Powerful Hair Dryer with Fusion Hair Brush,,299.99,429.99,,,,
Revlon 1875W Compact Hair Dryer,,10.97,28.28,,https://dealsmocktail.com/3933-revlon-1875w-compact-hair-dryer-black,,
Fragrance Deals,,,,,,,
"Armani My Way Eau de Parfum Nectar, 3 oz.",,85,170,,https://www.dealsmocktail.com/blog/u2u1zns16wxawjjcu4r2akjm/macys-fragrance-deals-score-up-to-80-off-top-brands,,
"Jimmy Choo Blossom Eau de Parfum Spray, 1.3 oz.",,32,64,,,,
"Marc Jacobs DOT Eau de Parfum Spray, 3.3 oz",,50,100,,,,
"Carolina Herrera Good Girl Hair Mist, 1-oz.",,25,45,,,,
"Givenchy Very Irr√©sistible Eau de Parfum, 2.7 oz.",,94,158,,,,
"Hugo Boss Men's HUGO Man Eau de Toilette Spray, 1.3-oz.",,25,55,,,,
"Burberry Brit Sheer Eau de Toilette Spray, 3.3 oz.",,64.5,130,,,,
Macy's All Fragrance Deals,,,,,,,